Income Group,0,1
High,0.904,0.096
Low,0.7439703153988868,0.2560296846011132
